id,username,FName,LName,numOffenses,email
1,mellit0,Mersey,Ellit,0,mellit0@alibaba.com
2,scattlow1,Sydney,Cattlow,3,scattlow1@cisco.com
3,mguitte2,Maighdiln,Guitte,2,mguitte2@qq.com
4,rbrumwell3,Reilly,Brumwell,0,rbrumwell3@answers.com
5,pdwerryhouse4,Philly,Dwerryhouse,2,pdwerryhouse4@latimes.com
6,rhanks5,Raynard,Hanks,3,rhanks5@sciencedaily.com
7,pnormadell6,Putnam,Normadell,0,pnormadell6@sciencedaily.com
8,mfaloon7,Morry,Faloon,1,mfaloon7@google.it
9,mventris8,Mirabelle,Ventris,0,mventris8@china.com.cn
10,ascholfield9,Amery,Scholfield,3,ascholfield9@businessweek.com
11,btwelftreea,Becky,Twelftree,3,btwelftreea@sbwire.com
12,breddyb,Basia,Reddy,0,breddyb@patch.com
13,lrodingerc,Lauryn,Rodinger,2,lrodingerc@va.gov
14,kstigelld,Kareem,Stigell,0,kstigelld@storify.com
15,fonowlane,Fernando,O'Nowlan,0,fonowlane@japanpost.jp
16,ephilippartf,Edouard,Philippart,1,ephilippartf@pcworld.com
17,tbernaldezg,Ted,Bernaldez,0,tbernaldezg@youtube.com
18,hprandoh,Hurley,Prando,0,hprandoh@google.com.au
19,bmonardi,Bessy,Monard,2,bmonardi@zimbio.com
20,mnoquetj,Maddi,Noquet,1,mnoquetj@homestead.com
